feature,importance
duration,0.037583762260852686
euribor3m,0.004263377682820246
nr.employed,0.0041128484024473225
emp.var.rate,0.0024910168010100152
pdays,0.002427891618918143
day_of_week,0.002199669806739829
poutcome,0.001655822084102182
contact,0.0016266873846751627
month,0.0013401961736428214
default,0.0011508206273672162
loan,0.0011119743614645184
housing,0.0009663008643294279
previous,0.0003933184422647507
cons.conf.idx,-0.00038360687578906647
job,-0.00041759735845391387
education,-0.00045158784111875574
marital,-0.0004952898902592983
campaign,-0.0005729824220646774
age,-0.000665242303583552
cons.price.idx,-0.0012819267747887664
