model,best_threshold,best_f1,avg_precision
rf_bal,0.38666666666666666,0.9999999999995,1.0
logreg_bal,0.7371417446896269,0.6268349696114769,0.5904168991135194
