expanded_feature,importance
cat__C1_A14,0.028400000000000026
cat__C1_A11,0.02260000000000002
num__C5,0.02140000000000002
cat__C6_A61,0.019400000000000018
num__C13,0.018800000000000018
num__C2,0.017600000000000015
num__C8,0.010000000000000009
cat__C19_A191,0.009800000000000008
cat__C7_A72,0.008000000000000007
cat__C10_A101,0.007800000000000007
cat__C10_A103,0.007800000000000007
cat__C17_A173,0.007800000000000007
cat__C3_A33,0.007400000000000006
cat__C9_A93,0.007200000000000007
cat__C4_A40,0.006800000000000006
cat__C3_A34,0.005800000000000005
num__C18,0.005200000000000005
cat__C1_A12,0.0050000000000000044
cat__C3_A32,0.0050000000000000044
cat__C4_A49,0.004600000000000004
cat__C10_A102,0.004400000000000004
num__C16,0.004200000000000004
num__C11,0.0040000000000000036
cat__C6_A65,0.0038000000000000035
cat__C3_A31,0.0038000000000000035
cat__C12_A124,0.0038000000000000035
cat__C19_A192,0.003400000000000003
cat__C17_A172,0.003400000000000003
cat__C6_A62,0.0032000000000000028
cat__C15_A152,0.002400000000000002
cat__C1_A13,0.002200000000000002
cat__C7_A75,0.0016000000000000014
cat__C6_A63,0.0014000000000000013
cat__C4_A41,0.0014000000000000013
cat__C6_A64,0.0014000000000000013
cat__C4_A42,0.0010000000000000009
cat__C4_A43,0.0010000000000000009
cat__C20_A201,0.0010000000000000009
cat__C9_A94,0.0008000000000000007
cat__C7_A73,0.0006000000000000005
cat__C20_A202,0.0006000000000000005
cat__C14_A142,0.00040000000000000034
cat__C12_A122,0.00040000000000000034
cat__C3_A30,0.00020000000000000017
cat__C4_A410,0.0
cat__C7_A74,0.0
cat__C4_A44,0.0
cat__C4_A48,0.0
cat__C4_A45,0.0
cat__C9_A91,0.0
cat__C17_A171,0.0
cat__C4_A46,-0.00020000000000000017
cat__C7_A71,-0.00020000000000000017
cat__C12_A121,-0.00020000000000000017
cat__C9_A92,-0.00040000000000000034
cat__C15_A153,-0.00040000000000000034
cat__C15_A151,-0.0008000000000000007
cat__C14_A143,-0.0008000000000000007
cat__C17_A174,-0.0020000000000000018
cat__C12_A123,-0.0030000000000000027
cat__C14_A141,-0.0050000000000000044
