cluster,customers,recency_mean,frequency_mean,monetary_mean,revenue,revenue_share
0,756,64.67592592592592,7.804232804232805,3128.30310978836,2364997.151,0.6791878197479029
2,2,1.5,136.0,373320.085,746640.17,0.21442263005859477
1,419,460.4797136038186,2.3293556085918854,884.1494534606205,370458.621,0.1063895501935024
