bank_best_f1,credit_best_f1,model,retail_best_silhouette,task,test_AP,test_ROC_AUC,test_f1@thr,test_precision@thr,test_recall@thr,tuned_threshold(val)
0.5721649484536082,0.8493150684931506,,0.60778672075446,,,,,,,
,,logreg_bal,,Bank Marketing (TEST),0.6215758089600308,0.9436217510259917,0.6398974797095258,0.5300778485491862,0.8071120689655172,0.66856
,,rf_bal,,Bank Marketing (TEST),0.6735526125487701,0.9478205782112363,0.6501950585175552,0.5438723712835388,0.8081896551724138,0.26088
