credit_best_f1,bank_best_f1,retail_best_silhouette
0.8493150684931506,0.5721649484536082,0.60778672075446
